id,name,description
kckippdgbocigoonhffgbbkhggggofhe,Atlist: add to Atlist,Use the Atlist extension to add items to your Atlist direct from any online store with just one click.
kphhbalcjpamoncjlnnhlajngdfmpafl,Fast Scroll To Top,Scrolls instantly to top.
bfbinlncachhphfkjffkfaobeikfbkml,GCF,GCfixer.com
lbmaeohhahndimifpeclieemaimenlfh,NewTabLinker,A custom chrome new tab extensions allowing you to add custom quick search boxes.
foelfhliehmcbapljnjihbkkpnhmmjea,cashyo.co.il - ××ª×¨ ×”×§×•×¤×•× ×™× ×©×œ ×™×©×¨××œ,"××•×¦× ××•×˜×•××˜×™×ª ×§×•×¤×•× ×™×, ×“×™×œ×™×, ××‘×¦×¢×™× ×•×”× ×—×•×ª ×‘××ª×¨×™× ××”××¨×¥ ×•××—×•""×œ"
ncjinfbppnplcanihaghgeamanhbjecl,Elf Bakery,Help the fairies catch the crazy Christmas cookies so they can deliver them on Christmas Eve. Look out for Jack Frost.
ademcdacngafppceeajjbhagmmaphgdi,2ch-caster,"2ch-caster will notify you about new threads on 2ch.hk via pop-up notifications.
Miss no thread, anonymous!"
dfgdlmphoajpddjpipnpopkffdmhblbm,Mc Vs KFC,"Version 2.0 updated 13/09/2018:Toolbar and background image alignment adjusted.
1)Hd wallpaper used
2)Toolbar and background imageâ€¦"
lcgagkpmdaodcdmekgjajbligkcangik,Ubuntu Ambience theme,A simple theme for Ubuntu Ambience gtk theme
coadlpoccolkhlkjnaabimbplllnhnji,MyPicture for HBOMax: custom profile picture,Extension to make a custom HBO Max profile picture. Personalize your user account and choose your own profile icon.
hndjlfnbhcmmdjhpblfgkdfpcgdjooni,osmo.mobi - panTo control,Add a button to osmo.mobi to enable/disable auto map recenter
iomcfpdngiolnefjdehdaoanlilbjiml,music-get-autoqueue,Clicking the button queues whatever's at the current tab's URL to the music server.
dgkdbbnhdfgmmjdhbelblkbclfhjihhf,Cross-site interactive wishlist,All your wishlist items in one place
fdoocmkefjhbelnjakbgkfbipffnklbe,ZWç®€å†é€š,ZWç®€å†é€š
miokbilobneomaeeddoiobefdobdnkei,Emoji Sliding Down Game,You must go from cloud to cloud with emoji and do not fall into the void.
fhoijjaefbiiigmifbmhocffbhlmlipb,Noy'On Air,Partageons de bonnes Ondes
bppdmdbfbjhhallihdecoffobapdddjb,Servant AI,Your AI secretary like J.A.R.V.I.S. Use +200 no signup tools in one place.
gocjcjlomgicpbnnndogeloallkgnlik,Harry Potter 1366x768,Harry Potter 1366x768
fkmpnkcjocenkliehpdhlfbmdmdnokgm,drrr chatbot extension,chatbot extension for drrr.com
iajafhoaenbbggpaicppbgaadgdgjcgd,LEO Bookmarks Helper Tools Plugins,Chrome å°0åŠ©æ‰‹æ’ä»¶ï¼Œé›†ä¹¦ç­¾ç®¡ç†ï¼Œé»˜è®¤é¦–é¡µï¼Œç­‰å°å·¥å…·
ncoibfohlcjpibpldknhlaiocggfpkeg,ÙƒÙˆØ¯ Ø®ØµÙ… Ø¨ÙˆØªØ±ÙŠ Ø¨Ø§Ø±Ù† ÙƒÙŠØ¯Ø² 2023 ÙƒÙˆØ¨ÙˆÙ† Ø¬Ø¯ÙŠØ¯ %,Ø§Ø­ØµÙ„ Ø¹Ù„Ù‰ ÙƒÙˆØ¯ Ø®ØµÙ… Ø¨ÙˆØªØ±ÙŠ Ø¨Ø§Ø±Ù† ÙƒÙŠØ¯Ø² Ùˆ ÙƒÙˆØ¨ÙˆÙ† Ø¨ÙˆØªØ±ÙŠ Ø¨Ø§Ø±Ù† ÙƒÙŠØ¯Ø² ÙŠÙ…Ù†Ø­ Ø®ØµÙˆÙ…Ø§Øª Ø§Ø¶Ø§ÙÙŠØ© Ø¹Ù†Ø¯ Ø§Ù„ØªØ³ÙˆÙ‚ Ù…Ù† Ù…ÙˆÙ‚Ø¹ Pottery Barn Kids ØµØ§Ù„Ø­ Ù„Ø¬Ù…ÙŠØ¹ Ø§Ù„Ø¯ÙˆÙ„
jcgoegpgdgklohplpnopagfbipaaddcl,BeLive Desktop,BeLive.tv Desktop Extension
dbnbnbcnmjjkbipkbeoecnjgdgomhcno,Birthday Time,I didn't have time for a card so heres the internet
pkffmnnmhjgjidmidhpkgmaamnecmejg,WhiteListedSeller,WhiteListedSeller_Extention
hncfhclkfdiiapfjpenljgfgdbpjojlc,NOLA Comment Mover,Feel like the comments of NOLA articles don't get enough prominence? Use this extension to move the comments to the top.
ghfpifklepifimmmnfggkakdiahccacp,ElasticSearch API Search,Stick to specific ES Version while searching.
ilopacefbnegkpdgphfpgdnjpkggognj,Everliker Standalone | Social Assistant,Smart and Simple Assistant for Instagram(tm)
fmjgnambdgpofefkhbbngmfjacmcgbda,World Time Zone,World Time Zone
omdngcmkngnlckainammbocogfgocodj,Event Horizon Theme by VikiTech,Event Horizon Theme is a part of our Cosmic Fringe Space Themes Collection which is our first set of chrome themes capturing theâ€¦
fojhphcgombkenbibglimoneaglapdpi,MechaFightClub,"The official MechaFightClub extension helps you avoid scammers, ne'er-do-wells and charlatans by confirming OFFICIAL MFC domains."
iaeahbpcnoblddpoimnnjihelbhljmeo,FundingBox Meetings,Schedule FundingBox Meetings from your calendar.
abbpnienhlpmlfjjoiogknmjknlaeadp,Lorem Gen,Quickly generate lorem ipsum text to bootstrap your content!
hiaeadimnoiennkbanljjfmkenjfombg,The Unofficial Dodger Chrome Extension,Keep up to date with new videos and twitch streams!
ghecallpffajppnpkallggejgcjiohcm,Custom Fetlife,Customize FetLife interface.
ldhkneiheabejbefhgjddpamijajabmm,StatsHunters,Show tiles on Strava route builder
nbgghbhaanommbapokejnmfdlddoacff,CodeNav (Github code navigation),Navigate Github code easily.
fpoeeaddlpbhdbaapjnpeipdbahiajaj,Concentration,"Concentration , also known as Memory, is the classic card game that can be enjoyed by all ages."
hibhidgmfehdhjdlpcjjcbningggpolk,Lesson Book,This tool formats class data for easy copy paste for both gogokid and vipkid into a teachers database or spreadsheet.
najpkkbnnjlcplkannjpdgjeldbaffeh,Sengerio,"Sengerio is an evolution of the traditional management software, available on Internet and Enterprise Social Network-oriented."
dljeallhpechbhfaibnfnajecbkibdep,UPS Context Menu Shipment Track,Fast tracking for UPS shipments. How to use: 1. Highlight the tracking number 2. Either right-click or click the extension iconâ€¦â€¦
pgbdfhdljpeifdbgijbnlfcnkdpbmhfl,Guild Wars 2 Engineer Theme 2,This is my second attempt for a decent Engineer theme. I hope you like it.
mfokjmdlchngfadmbhmhenelgmbccdmc,Kakuy Live,KakuyLive Social Browsing
kafgicjjenkbchenkmaalkldcaliengo,Paper heart,"If you like this theme, will rate it, please. Website: https://gctheme.store/"
fenkbckhnbnggfkdhjkhflojbcimmcmo,ÙƒÙˆØ¯ Ø®ØµÙ… ÙƒØ§Ù…Ø¨Ù„ÙŠ Ùˆ ÙƒÙˆØ¨ÙˆÙ† ÙƒØ§Ù…Ø¨Ù„ÙŠÂ Cambly 15%,"Does Cambly ever have sales?
In addition to promo codes, Cambly offers a clearance page where they run promotions, price drops, andâ€¦"
demmnapelfalffbfnflnmagiclbmikbc,Sports Equipment,Vain parhaat ja suosituimmat teemat Atavi.comista
bnbgafdjiinlgnjaedmfaablklnafpka,Text Editor,"Text Editor ğŸ‘Œ

Features:
 âœ“ 
 
Open Source! ğŸˆ Check out Frame By Frame's source code and contribute here:
   â€¢â€¦"
dafkckkbanahhlmopfofljeifgdpcpbm,Animals,Vain parhaat ja suosituimmat teemat Atavi.comista
iikjcbakondakcbblkccdmiaiklnddke,Videon latausohjelma - MPMux,"Ammattimainen videolatausohjelma plus, se voi tallentaa tai tallentaa online-videoita, kuten HLS, m3u8, mp4 jne."
gfggnbjgjblindbgcgbmekgmepdabmbp,Cat yang tidak biasa,"Jika Anda menyukai tema, maka letakkan 5 bintang."
mlbbfbglopgggjblbfhpgnphfbdjdhie,WTS Scheduler,Kiosk app for IUB Writing Tutorial Services scheduler
hmbnhhcgiecenbbkgdoaoafjpeaboine,Lewati Otomatis untuk Iklan Youtubeâ„¢,Secara otomatis mengklik tombol Skip pada iklan video YT
ficlhfajhinggfllgdfohfjoonihgddn,Jigsaw Wolf Puzzle,"This puzzle contains 50 amazing pictures to puzzle with.
â˜… Choose between 50 images on board
â˜… Every day a new puzzle !
â˜… Puzzleâ€¦"
pkmpegmgkbkllpncocdcjombdnmccmlh,pemutus bata,"batu bata klasik terkenal melanggar permainan, aturan ini sangat sederhana, Anda tujuannya adalah menghancurkan semua batu bata."
aikcmffgkpoonhopfebnlbbpcngompkg,Greg,
fnckhcfokjndphlmkpoihcjmcpghcofh,Importir Tingkat Lanjut,"Melalui ekstensi Importir Lanjutan ini, Anda dapat mengimpor apa pun (data apa pun yang Anda inginkan) dari situs web mana punâ€¦"
mlgfdbfcnnhiglilaalpfbgpdohgihop,Permainan perempuan,"Panggang kue yang lezat, bersaing dalam tantangan menari, dan berdandan selebritas di game cewek online! Main sekarang!"
kbgplcfihfeioiaddclapccnefggiddn,Bagikan ke Facebook,"Easily share any link to Facebook, Groups, and Messenger

- Click on the Facebook button at any time when you're on a website, andâ€¦"
dnoiapcpcemhlojpodbjdkphjcnlngda,"Halloween Tab Baru, Customized Wallpapers HD",Wallpaper pembaruan otomatis atau wallpaper pencarian dari Google â„¢ Images untuk menyesuaikan halaman tab baru Chrome Anda.
ancabnbjdfodbehmkjegglahpghhbomm,iherb ã‚¯ãƒ¼ãƒãƒ³,"iHerbã®å‰²å¼•ã‚¯ãƒ¼ãƒãƒ³ã‚³ãƒ¼ãƒ‰ã¯æ—¢å­˜ä¼šå“¡ã®æ–¹ãŒ2å›ç›®ä»¥é™ã®æ³¨æ–‡ã§ã‚‚åˆ©ç”¨ã§ãã‚‹å‰²å¼•ã‚³ãƒ¼ãƒ‰ã¨ã€æ–°è¦è³¼å…¥è€…ãŒåˆå›æ³¨æ–‡ã§ã®ã¿åˆ©ç”¨ã§ãã‚‹ã‚³ãƒ¼ãƒ‰ã¨ã‚ã‚Šã¾ã™ã®ã§ã€åˆ©ç”¨æ¡ä»¶ã‚’ã”ç¢ºèªãã ã•ã„ã­ã€‚

2018å¹´12æœˆ10æ—¥æ›´æ–°ï¼
æœ€æ–°ã®iHerbãƒ—ãƒ­ãƒ¢ã‚³ãƒ¼ãƒ‰â€¦"
cnlnkegolibndlimkplkdemklbljapop,Star Flare,Vain parhaat ja suosituimmat teemat Atavi.comista
ogokdjmbhkhmhifmccdbjdiiinaaicpa,Designer lighting,"If you like this theme, will rate it, please. Website: https://gctheme.store/"
nicimmcnnknhpfejiloddnmncddcjlnd,Snake io  Unblocked Games,"A Snake egy videojÃ¡tÃ©k, amely az 1970-es Ã©vek vÃ©gÃ©n jÃ¶tt lÃ©tre a jÃ¡tÃ©ktermekben, Ã©s klasszikussÃ¡ vÃ¡lt."
bngpkllahodabojojhocpheljifahibn,ZÃ¡rt lapok visszavonÃ¡sa a Google Chrome â„¢ alkalmazÃ¡shoz,"EgyszerÅ± felugrÃ³ ablak a zÃ¡rt lapok visszavonÃ¡sÃ¡hoz, csak ez Ã©s mÃ©g egy kicsit."
onabgcnioebikbfdhnokldphcgeaopoj,Art girl on the balcony,"If you like this theme, will rate it, please. Website: https://gctheme.store/"
odppebklklagpkhhihgmaekbffkiabcp,Death Note  1366x768,Death Note  1366x768
nphgjnagopjcejpncakmojifbeakeilb,Oscar de la Renta,Oscar de la Renta vilÃ¡ghÃ­rÅ± divattervezÅ‘. TermÃ©keit â€“Â·az Oscar de la Renta butikok mellett â€“ mindenhol elsÅ‘ osztÃ¡lyÃº boltokbanâ€¦
kljhpkgmdkmcndbddcibamiigfnpkmcn,Glass with hearts,"If you like this theme, will rate it, please. Website: https://gctheme.store/"
felflkndljbjehhgadcfmijcoamhhngl,Custom Cursor-Man: Hero's Rise - Idle Game,A fun idle clicker game about a simple guy willing to become a Custom Cursor hero Cursor-Man and his entertaining adventures.
fbffombkfihfokifmkihbddiafipndnb,Bright VPN - Secure Private & Free VPN Proxy,"Bright VPN desktop app remote controller. Bright VPN is easy to use, no email or credit card is required to use the VPN proxy."
ifklgepabainamgmdlnalfbpgpajpmmo,Democracy Prep Sign-In form,
bincmiainjofjnhchmcalkanjebghoen,AG FordÃ­tÃ³,"KÃ¶nnyedÃ©n megtekintheti a fordÃ­tÃ¡sokat, amint az interneten bÃ¶ngÃ©sz. A AGÂ FordÃ­tÃ³ csapata jÃ³voltÃ¡bÃ³l."
kaojoinhdpojbpjhibmakknamcebnbhp,Epic Roll,"KÃ©szen Ã¡llsz egy epikus kaland az Epikus Roll? Kattintson az egÃ©r, amikor azt kell, hogy valami mozog a tÃ¡blÃ¡n. JÃ³ szÃ³rakozÃ¡st!"
jlfegkfcihbbpiegahcpjjidojbhfglo,Radio Daring untuk Google Chrome â„¢,Gratis! Dengarkan stasiun radio dari browser Anda.
ickkeicbhkgcofgmfhfhomnbmobmeflf,Black dog,"If you like this theme, will rate it, please. Website: https://gctheme.store/"
jaddgeihnekakgjgpaaafknmeenbljkb,APD Media Logs,City of Augusta Maine Police Media Logs
dhhjleejabniihagahmondkddkodhmak,Art girl sniffs flowers,"If you like this theme, will rate it, please. Website: https://gctheme.store/"
pjpboakliajignmoohbgldhjpchnlabm,cambly å„ªæƒ ä»£ç¢¼,"ä»‹ç´¹ç·¨è™Ÿã€è¼¸å…¥ï¼šTUR50
ä¹Ÿå¯ç²å¾—15åˆ†é˜å…è²»èª²æ™‚
(ä»‹ç´¹ç·¨è™Ÿfunenglishå¯ä»¥ç„¡é™æ¬¡ä½¿â½¤ï¼Œæ²’æœ‰ä½¿â½¤æ¬¡æ•¸é™åˆ¶)
é›»è…¦ç‰ˆcamblyç•«â¾¯â½°ç¯„:
(ç›´æ¥ä½¿â½¤æ­¤é€£çµè¨»å†Šçš„è®€è€…ï¼Œå°±å¯ä»¥ä¸â½¤å†â¼¿å‹•è¼¸å…¥TUR50)â€¦"
albhbjielkkbichopbalnnnfnmpleoaa,Cars for kids - Garbage truck,Free game for kids.  From real environment. Play with car.  Pick up the dustbin with garbage truck. The most dustbins the betterâ€¦
dlbbmmeaglbjmlddnpdbfhcpepnkfofk,è½èªªå­¸ç¿’ - ä½¿ç”¨ Youtube å­¸ç¿’èªè¨€,ä½¿ç”¨ Youtube å­¸ç¿’ä¸€é–€æ–°èªè¨€
lfbkccmgloghcememdkjmddnjhmkejkb,Triobo - digital publishing,"Triobo is an all-in-one software for creating and publishing interactive publications for Apple, Android, Amazon and for the web."
edickcciicdmpehckmkfbfofliffgdpg,League of Legends Lee Sin 1920X1080,League of Legends Lee Sin 1920X1080
pnngggaeagpmpbngngddnpjgldjcnphd,Dark Souls 1366x768,Dark Souls 1366x768
bojcplklhdbhcndefcidaipkccnnagod,YouTubeâ„¢ Enhancer Plus,The extension is an Enhancer for Youtube to improve your watching experience!
fipaibmadbngajchpclbkjlomacfbicc,é§•é§›éŠæˆ²,é§•é§›éŠæˆ²è®“æ‚¨æ§åˆ¶æ±½è»Šï¼Œç„¡éœ€è¨±å¯è­‰ï¼ é¸ä¸€è¼›è»Šï¼Œç©å¾—é–‹å¿ƒï¼
jboamegooicbaehhnlmjhcadjoldelma,ç«å½±å¿è€…æ–°æ¨™ç±¤ï¼Œå®šåˆ¶å£ç´™HD,è‡ªå‹•æ›´æ–°å£ç´™æˆ–å¾Googleâ„¢åœ–ç‰‡æœç´¢å£ç´™ä¾†è‡ªå®šç¾©æ‚¨çš„Chromeæ–°æ¨™ç±¤é ã€‚
donbcfbmhbcapadipfkeojnmajbakjdc,Ruffle,æŠŠ Flash é‡æ–°å¸¶å›ç¾ä»£ç€è¦½å™¨ã€‚
cbmhllpjephgiefmlmdjkbklghpeemph,NKFUST Flow,NKFUST Flow
mgadbnohgoninkdjnknoglajhpgonkje,Version Check for phpMyAdmin,æª¢æŸ¥ç¶²é ç”±ä»€éº¼ç‰ˆæœ¬çš„phpMyAdminæä¾›æŠ€è¡“æ”¯æ´ã€‚
iepkodcdncjmkbbhdfjbgekhlkpikagn,Kingdom Life,"This is the official Kingdom Life Frankfurt application. Keep in touch with the latest news, Pasta Richard's teaching blog, theâ€¦"
ginbhihobgmfdgnepbhgeofckocecael,HSK Locker,"Based on the official China's HSK (Hanyu Shuiping Kaoshi) examination and covering all of the nearly 5,000 Chinese characters fromâ€¦"
njdfdhgcmkocbgbhcioffdbicglldapd,LocalCDN,é€éé‡å®šå‘è‡³æœ¬åœ°è³‡æºä¾†ä¿è­·æ‚¨ä¸å—å…§å®¹å‚³éç¶²è·¯ï¼ˆCDNï¼‰çš„è¿½è¹¤ã€‚
kibommjdhbfnjnnbllfmcbnehhlkphfc,Spell Storm,Tasked by your masters to defeat the evil chaos reaper - you now stand before his dark fortress...
aohghaopmccniniecipajopgbjbmljii,Vested Networks,Integration powered by Vested Networks
jjehhjdfaodpjfkmcghhppkdcpoboekn,æ„›æ¯” IPEVO Presenter,ç”¨Presenterè¼•é¬†æ•æ‰IPEVOå¯¦ç‰©æ”å½±æ©Ÿæ‹æ”çš„ç•«é¢ï¼Œè®“ä½ çš„æ•™å­¸äº‹åŠåŠŸå€ã€‚
jhgjhncplhbjpdlgpenfmojcicihhcoe,Fanpage likes,This extension help you to get sharedposts
caljgklbbfbcjjanaijlacgncafpegll,Avira Password Manager,Avira å¯†ç¢¼ç®¡å®¶èƒ½å¤ å„²å­˜ã€ç®¡ç†ä¸¦åŒæ­¥æ‚¨åœ¨æ‰€æœ‰è£ç½®ä¸Šçš„æ‰€æœ‰å¯†ç¢¼ã€‚
oplkmppmlhdfamakhpefejmhonoimicp,Plaket Mode App,"AÃ§Ä±k-koyu mod, schedule  ve font seÃ§enekleri ile daha verimli gezinme saÄŸlayan Ä°stanbul Plaket tarayÄ±cÄ± eklentisidir."
hopcbmeplpekjenhhkiceeeaeoeoaona,YouTubeâ„¢ä¸“ç”¨Channel groups and ratingæ‰©å±•ç¨‹åº,YouTube è®¢é˜…ã€é¢‘é“ã€è§†é¢‘å’Œè¯„è®ºéšè—ã€è¿‡æ»¤ã€è¯„åˆ†ã€å¯¼å‡ºå’Œåˆ†ç»„ã€‚å§‹ç»ˆåŒæ­¥ã€‚
bkbioakanibldaifehbeagfbfndijnin,é¬¼æ»…ä¹‹åˆƒç«ˆé–€ç‚­æ²»éƒé«˜æ¸…èƒŒæ™¯å£ç´™æ–°æ¨™ç±¤é ,é¬¼æ»…ä¹‹åˆƒç«ˆé–€ç‚­æ²»éƒå£ç´™æ“´å±•ç¨‹åºé‡æ–°å®šç¾©äº†æ‚¨çš„Chromeæ–°æ¨™ç±¤é æˆç‚ºé¬¼æ»…ä¹‹åˆƒç«ˆé–€ç‚­æ²»éƒçš„èƒŒæ™¯å£ç´™ã€‚é¬¼æ»…ä¹‹åˆƒç«ˆé–€ç‚­æ²»éƒç²‰çµ²çš„ä¸»é¡Œã€‚
iglljnipmlehmkaopjildkphcoeemhbf,Unite Lite,"Tired with old puzzle games like jigsaw puzzles, block puzzle, even legendary Tetris, Line or other puzzle games? So Unite puzzleâ€¦"
fihgaomjmoflomciogilibcjgpmiddfa,å°è‚¡.com,æä¾›å°åŒ—è‚¡å¸‚å³æ™‚å ±åƒ¹
gkbkgngcpcfajdokakdbddplkaeaemgf,Cambridge Dictionary Better,Using Cambridge Dictionary easily when you search some vocabulary.
ljlkglcinlcohdeimpmnkhcmhgpnldnd,Weather Extension,Weather Extension in React!
ongomiklmpfmjkalajikelcibamichco,Attack On Titan Eloquence  1366x768,Attack On Titan Eloquence  1366x768
hagjdpokfepjkkmfdmopifbconbhcaoc,Bloons 2 Distribute,Pop your way through 100 levels of Bloons 2.
kbgapnpdcdehclfankhkdcmmifnhahjl,The Witcher 3 Wild Hunt 1366x768,The Witcher 3 Wild Hunt 1366x768
ajmjdmbcniimjdmpfdphakmdmlnhjdgl,Beach Earth day Ultra HD 1400x900,Beach Earth day Ultra HD 1400x900
gbkeegbaiigmenfmjfclcdgdpimamgkj,æ–‡ä»¶ã€è©¦ç®—è¡¨åŠç°¡å ±çš„ Office ç·¨è¼¯æ“´å……åŠŸèƒ½,ä½¿ç”¨ Google æ–‡ä»¶ã€è©¦ç®—è¡¨å’Œç°¡å ±æª¢è¦–åŠç·¨è¼¯ Microsoft Wordã€Excel å’Œ PowerPoint
gkdkpnimfmkkhlffjbijibpoimhihjea,ä½¿ç”¨ Jabber é€šè©±,å…è¨±æ‚¨å¾ç€è¦½å™¨ä½¿ç”¨ Cisco Jabber æ’¥è©±
cfpdibiakfhmeccilnmhdlhaicbnnafe,Speed Tabs,è¼•é¬†å¿«é€Ÿåœ°åˆ‡æ›æ‰€æœ‰æ‰“é–‹çš„ç¶²é 
mhbjbdglobddcdoaebmhmkdjbpjlbkhi,Fortnite Wallpapers and New Tab,Fortnite wallpapers bring your chrome a new look and useful tools
fgmeboblogphchmhbkppjdjohckmmhan,medium infinity reader,Redefined 'referer' in HTTP header to read medium article.
pbcoaaajbfckabdfiijconeaihfajibb,CoCo Text Adventures,"The classic text adventure games Bedlam, Raaka-Tu, and Pyramid 2000 ported to Android (and now Chrome). The Tandy Color Computerâ€¦"
defdhigkgpkalcbgilkadfgnabcjajlk,591ç§Ÿå±‹ç¶²ç­†è¨˜,å¿«é€ŸåŠ å…¥ç‰©ä»¶å„ªç¼ºé»ï¼Œæå‡æ‰¾ç§Ÿå±‹æ•ˆç‡ã€‚
ngceodoilcgpmkijopinlkmohnfifjfb,å°ˆæ³¨æ¸…å–®: ç•ªèŒ„é˜ & ä»»å‹™æ¸…å–® & ç•ªèŒ„å·¥ä½œæ³•(åŸå°ç•ªèŒ„)ã€Œç®¡ç†å·¥ä½œæ—¥ç¨‹å’Œå­¸ç¿’è¨ˆåŠƒï¼ŒåŸ¹é¤Šå°ˆæ³¨ç¿’æ…£ã€,å¹«åŠ©æ‚¨å°ˆæ³¨æ–¼ç•¶å‰çš„å·¥ä½œå’Œå­¸ç¿’ï¼ŒåŸºæ–¼ç•ªèŒ„å·¥ä½œæ³•ï¼Œå¾…è¾¦ä»»å‹™æ¸…å–®çµåˆç•ªèŒ„é˜è¨ˆæ™‚å™¨ï¼Œçµ•ä½³çš„æ™‚é–“ç®¡ç†æ•ˆç‡å·¥å…·ï¼Œå¹«åŠ©æé«˜è‡ªå¾‹ï¼Œæ“ºè„«æ‹–å»¶ã€‚
cpkjghgcankejkgdgecmjckommckfbmp,å°æœéšŠå‹ç¨½æŸ¥å·¥å…·,å°æœ LOL éšŠå‹/å°æ‰‹ ç¨½æŸ¥å·¥å…· ã€ç¶²é æ’ä»¶ç‰ˆã€‘
knkpjhkhlfebmefnommmehegjgglnkdm,Video Downloader,"Video Downloader for your browser. The fastest way to to download any video from Facebook, Instagram, Twitter..."
goojbhegjhmbhcdpbcpkbijhehhfoiac,WebAPP CYIM,Blog about WebApp CYIM
immdeddgjijbkpdmkmhkpahpehaabhid,Eshi 100-Nin Ten,............................
ehheehdbnpeaedppgmcidomodlfggjkg,1å–®æ“ŠGoogleæ–‡æª”,1å–®æ“Šå‰µå»ºæ–°çš„Googleæ–‡æª”ã€‚
abidlfefgiokgkmonfhdegaehjodikcj,è¶…ç´šä¹’ä¹“çƒéŠæˆ² - é›¢ç·šé‹è¡Œ,Super Ping-PonGoal æ˜¯ç¶“å…¸ä¹’ä¹“è¡—æ©ŸéŠæˆ²çš„é‡æ–°æ§‹æƒ³ç‰ˆæœ¬ã€‚ å¾è¶³çƒã€ç±ƒçƒã€æ’çƒä¸­æŒ‘é¸ä¸€å€‹çƒã€‚ äº«å—ï¼
dmobhfhmcgcceenmkcpckkffmfkkmkbf,æ™ºèƒ½é¸æ“‡,é¼ æ¨™ç°¡å–®é¸å–å³å¯æŠŠå¤–å¹£ã€è‹±åˆ¶é•·åº¦ã€è‹±åˆ¶é‡é‡ã€è¯æ°æº«åº¦å’Œæ²¹è€—ç­‰è½‰æ›ç‚ºå€‹äººæ›´ç¿’æ…£çš„å–®ä½ï¼ˆäººæ°‘å¹£ã€å…¬åˆ¶å’Œæ”æ°åº¦ç­‰ï¼‰
ehibgcdiohalhmgeiodfjkefmkpoboji,WhatStation - CRM para WA,WhatStation your best CRM tool
boaadndcimmpdcjejkaipofcnmepdagj,è‰¦å¨˜ç›´é€£ Kancolle Direct Link,"æ­¤æ’ä»¶èƒ½ä»¤ä½ éŠç©è‰¦å¨˜ä¸éœ€VPN, ä¸¦å–å¾—ç›´é€£é€£çµ. This extension can let you playing Kancolle without using VPN, and also getting the direct link."
ecjfmpmjbmgmcafkdjgcflcniamfemnk,F5è³¼ç‰©å¤§å¸«,ä½åƒ¹è‡ªå‹•å°‹æ‰¾ï¼ŒæŠ˜æ‰£æŸ¥æ‰¾ï¼Œå¤šå€‹ç¶²ç«™æ¯”è¼ƒæœç´¢å·¥å…·è³¼ç‰©ã€‚
galhifbkhokjdbfkllkjcmdinlhkigjn,Dark Souls 1920X1080,Dark Souls 1920X1080
hagkllfphgbmeghnmnncjmmnbngbgboo,Skyrim Dragon 1920X1080,Skyrim Dragon 1920X1080
oflohfhbecjnmgblfogfkabhgfmkmmoj,The Witcher 3 Wild Hunt 1366x768,The Witcher 3 Wild Hunt 1366x768
mmbdgocgdhbfdeggpclokokhmdgnofjg,Cloud Connect,Cloudworx CRM Integration
anclhkgabfeppjannoanjkeflngdjemk,Fairy Tail 1920X1080,Fairy Tail 1920X1080
pgdjbeehbeajkcaflkboflehcdbidode,å…‹éš†é é¢,ç€è¦½ç¶²é æ™‚å¯è¼•é¬†å…‹éš†é é¢ã€‚
aopifgnekphmboohjmplkmacjgaeomlc,Calm Nature Earth day Ultra HD 1366x768,Calm Nature Earth day Ultra HD 1366x768
fahhlhbhnmkjegdfoiadmnhcclidoflh,AliPrice - TBä»¥åœ–æœè²¨,AliPriceä»¥åœ–æœè²¨ç¥å™¨å¯ä»¥è®“ä½ è¼•é¬†åœ°åœ¨è·¨å¢ƒé›»å•†ç¶²ç«™ä¸Šæ‰¾åˆ°åŒæ¬¾è²¨æºã€‚
papdhfmmdhepoeeimnkdhnadpmemeamk,Trip.com | Save & Fly,æ­¤ Trip.com å®˜æ–¹æ“´å……åŠŸèƒ½æ—¨åœ¨è®“æ‚¨ç¯€çœæ›´å¤šï¼
afckhadebilbpcnpkkmemiojkngadkop,è€ƒæ‹‰å£ç´™é«˜æ¸…,è€ƒæ‹‰å£ç´™æ“´å±•ç¨‹åºé‡æ–°å®šç¾©äº†æ‚¨çš„Chromeæ–°æ¨™ç±¤é æˆç‚ºè€ƒæ‹‰çš„èƒŒæ™¯å£ç´™ã€‚è€ƒæ‹‰ç²‰çµ²çš„ä¸»é¡Œã€‚
dkkbplojellpdfhjpilljmnnpjhgomjm,Guess Who puzzle,"Who is the person we are looking for? Use your mouse or finger to drag the puzzle pieces (for touch & non-touch Chromebooks).

Theâ€¦"
aflihibdiangnhfklipinmbdjflnhloe,Remarkable Chrome Extension,Allow users to leave comments on any website
hhlinpdnhabekakdnemgjjpfpnnpknfj,Chatisfy Assistant Extension,ä½ å¯ä»¥åœ¨æ­¤æ“´å……å·¥å…·ä¸­ï¼Œçœ‹åˆ°æ‰€æœ‰é¡§å®¢ã€Œå¯èƒ½éœ€è¦å”åŠ©ã€å‰›æˆç«‹è¨‚å–®ã€æˆ–æ­£åœ¨å‘¼å«å®¢æœäººå“¡ã€çš„æ¶ˆæ¯
ncopmpddfokfcmmnhhbekaecjbokeeck,æœƒè­°æ“´å±•ç¨‹åº,æœƒè­°åŠŸèƒ½æ‰€å¿…é ˆçš„æ“´å±•ç¨‹åºï¼Œå¹«åŠ©æ‚¨éš¨æ™‚éš¨åœ°èˆ‡æ‰€æœ‰äººå”åŒå·¥ä½œã€‚
dllplfhjknghhdneiblmkolbjappecbe,Multi Chat - WeChat Messenger for Whatsapp,"é€šè¿‡Chromeå·¥å…·æ è½»æ¾è®¿é—®WeChat, WhatsAppï¼ŒLineï¼ŒTelegramï¼ŒFB Messengeç­‰ç­‰ã€‚"
kbmnacmdgpfkcdhnfcopcogabhhlhngm,å‹å¥½å¤©æ°”,å‹å¥½çš„å¤©æ°”æç¤º
chpdafndlgeplaoobnmfgmknpaakgfap,å…è²»è‡ªå‹•æ–‡æœ¬æ“´å±•å™¨,å‰µå»ºè‡ªå®šç¾©éµç›¤å¿«æ·éµï¼Œä»¥åœ¨éµå…¥æ™‚æ“´å±•å’Œæ›¿æ›æ–‡æœ¬ï¼
cmkjpaihgnjkmienaeidkmgkcihbpkal,åŠ‡é™¢æ¨¡å¼çœ‹å½±ç‰‡v2,"è§€çœ‹å½±ç‰‡æ™‚, å¯ç›´æ¥æ“·å–ç‰‡æº, ä¸¦é–‹å•Ÿåªæœ‰è©²å½±ç‰‡çš„ç¶²é (å½±ç‰‡å¡«æ»¿æ•´å€‹ç€è¦½å™¨)"
fcoofaphemciadedkmldpgkcpjikfacj,Beyonce New Tab,å¼€å§‹æ¯ä¸ªæ ‡ç­¾æœ‰ä¸€ä¸ªç¾ä¸½çš„é«˜æ¸…å›¾åƒï¼!
chfgpcfhfngoaligpdbnhcbijhdheeba,Youtubeâ„¢çš„è©•åˆ†é è¦½,åœ¨æ±ºå®šæ˜¯å¦è§€çœ‹è¦–é »ä¹‹å‰ï¼Œæ‚¨å¯ä»¥æŸ¥çœ‹è¦–é »å…·æœ‰çš„â€œæ‹‡æŒ‡å‘ä¸Šâ€èˆ‡â€œæ‹‡æŒ‡å‘ä¸‹â€æŒ‰éˆ•çš„æ•¸é‡ã€‚
dficcobpghplfppapheaenjajahhckkj,èˆªç­æŸ¥è©¢,å…¨çƒç‰¹åƒ¹æ©Ÿç¥¨å’Œé…’åº—æœç´¢æ¯”åƒ¹. åœ¨å…¨çƒæ•¸åƒå®¶èˆªç©ºå…¬å¸å’Œåœ¨ç·šé è¨‚ç¶²ç«™çš„å ±åƒ¹ä¸­æ‰¾åˆ°æœ€å„ªæƒ çš„æ©Ÿç¥¨å’Œèˆªç·šçµ„åˆ.
eliiflfmghdagmmahpdniphmbhahmjne,imjaylin,å®‰è£æ­¤æ“´å……å·¥å…·å¾Œï¼Œä½ å°‡å…è²»ç²å¾—å‰µå„„å­¸å ‚å¿«å ±ï¼Œæ—¥å¾Œåªè¦æœ‰ç¶²è·¯è¡ŒéŠ·ç›¸é—œè¨Šæ¯éƒ½æœƒé€éç€è¦½å™¨é€šçŸ¥ä½ 
pfeabhccnkpilbkjncnndoahffhjgkak,nKemono,Inspired by nCage.  It replaces all of your images by Kemono Friends
pjgijegdlnandbpokomebjakofjlpjpg,é©ç”¨æ–¼Google Chromeçš„SQLite Managerã€‚,åŒæ™‚æŸ¥çœ‹æˆ–ç·¨è¼¯ä¸€å€‹æˆ–å¤šå€‹SQLiteæ•¸æ“šåº«ã€‚
lkfilefjfbnpfdhenkkhmilkljlhcgka,Attack On Titan Varsity 1920X1080,Attack On Titan Varsity 1920X1080
iicpikopjmmincpjkckdngpkmlcchold,Repeat button,Make videos play on repeat by pressing single button.
hipgfnjghjmfdebgmenoipheomjheknn,MetaMask,ä¹™å¤ªåŠç€è¦½å™¨æ“´å……æ’ä»¶
kljhjccpkcioegehlgmdccfigehobnjp,Messenger - å¦‚ä½•ä½¿ç”¨,"ç­è§£å¦‚ä½•ä½¿ç”¨ä¿¡ä½¿çš„æ‡‰ç”¨ç¨‹å¼ï¼Œå¦‚ Snapchatï¼ŒFacebook ä¿¡ä½¿ï¼ŒWhatsAppã€ Skypeã€ Viberï¼Œåœ‹éš›æµ·äº‹çµ„ç¹”ï¼ŒKikï¼Œæ¢æˆˆ, WeChat"
cppopffhjdgeijpkpaoebneockpeehdo,Netflix Translate,Learn English watching your favorites videos on Netflix! Translate any word from subtitles just by clicking on it.
fbohjilojidofgkfahnfpcndldknlbgd,HeadphonesNeil,"Get all of my content in one app...

Podcasts
*The Android Realm Podcast
*Reel Nsight
*This Working Droid
*Lobot's Library

Otherâ€¦"
abmelbhpogjkpdncdnmkkaikjhifngln,å”è¨Šåœ‹éš›ERPå°ˆæ¡ˆå ±åƒ¹ç³»çµ±,å”è¨Šåœ‹éš›ERPå°ˆæ¡ˆå ±åƒ¹ç³»çµ±
aigkpfllpljphkkmbjmcdpklmnikiigd,VERSAVoice CRM Integration,CRM Integration Powered by VERSAVoice
bejbnchjgmoiafdccjbiginmmbcgahkm,Luckydog Winner Generator Tool - turbo,Parse FB comments/reactions/shares and import them into Luckydog Winner Generator
aigmpdkhbheipeciefdmjecikekmgfij,AZé›»å­éƒµä»¶æå–å™¨,Chromeçš„ç°¡å–®é›»å­éƒµä»¶æå–å™¨æ“´å±•ç¨‹åºå¯è‡ªå‹•å¾ç¶²é ä¸­åˆ®æ“¦æ‰€æœ‰é›»å­éƒµä»¶IDã€‚
mncgalpnbpbfdcjobmainpiccpmfogno,Diaper Cake TW,this is for diaper cake tw
mlgedccehkndmgkheopfmdgjnjihklkh,Xbox New Tab,åˆ©ç”¨ Microsoft å®˜æ–¹æä¾›çš„é€™é …æ“´å……åŠŸèƒ½ï¼Œåœ¨ç€è¦½å™¨ä¸­éš¨æ™‚æŒæ¡ã€ŒXboxã€çš„æœ€æ–°å‹•æ…‹ã€‚
flmihfcdcgigpfcfjpdcniidbfnffdcf,Screence screen recorder,"Free and unlimited video screen recorder. Record desktop, single tab, or webcam. Narriate with microphone"
febbhgfdncbonpojdmjoleiepbakohal,æ–°ç‰ˆæ•‘è­·ç´€éŒ„è¡¨å°å¹«æ‰‹,è®“æ•‘è­·ç³»çµ±è®Šå¾—å¥½æ‰“
hbdffkcalnbhfnahfhpeabmnneaahhge,SE ASIA Memory Game,"Peterâ€™s memory game from Asia for kids and adults. Free game, Easy to play.

Memory game offers:
- 3 levels: easy 4x4, medium 6x4,â€¦"
keoiklelhpbfighdaceanmhindpmepkl,finfo - ä¿éšªè²»ç¸½é¡èˆ‡ä½”æ¯”è¨ˆç®—å¤–æ›,Insurance fees & proportion calculation for finfo.tw
eenbhnjimjnbgbehgdklpnjnbalbdemh,Robloxå¢å¼·å¥—ä»¶,å¢å¼·æ‚¨çš„Robloxé«”é©—ï¼
mhnppmochppgeilojkicdoghhgfnaaig,ç¶²é å¿«ç…§ - Screenshot Extension,å¿«é€Ÿå’Œç°¡å–®åœ°å„²å­˜ä¸€å¼µJPGçš„ç¶²é å¿«ç…§ã€‚ç¬¬ä¸€å€‹æ’ä»¶èƒ½å¤ æŠ“ä¸‹æ•´å€‹ç¶²é !
bmmmmnenhplfjdclemkddbfadmmponpj,Daily GK,"2016 Hindi and English daily GK (General Awareness), current affairs, business and English Language questions given in the form ofâ€¦"
inedpbopjmklilkeklabaailcdjegflc,åœ–åƒå‰ªè²¼æ¿,å±å¹•æˆªåœ–ä¸¦å°‡åœ–åƒä¿å­˜åˆ°æœ¬åœ°è¨ˆç®—æ©Ÿã€‚
hiladbglphldjhbfjfahkaajifpacheo,PixelManæˆ˜çš„å¤ä»‡å®¶,Pixelmanç”Ÿæ°”äº†ä¹‹åï¼Œä»–æœ€åæ‰“è´¥åœ¨çš„æˆ˜æ–—åœ¨Minicasç°åœ¨ï¼Œä»–å†æ¬¡ä¸Šå‡å¯»æ±‚æŠ¥å¤å¯¹ä»–çš„æŸå¤±ä»–æ”¶é›†äº†ä»–çš„å‰ä»»
ibfcacbcdfpfpobapelopmbmmldnmafl,Sample Appview Host,This sample shows how to request another app to be embedded.
macblkncmhkhcfpjnjdidjockdbagbgk,Speedy Cars - Memory Game,Cars for kids. Photo memory game for kids is a classic board game that helps develop memory skills of children and adults. Byâ€¦
hpijlfldendkjfhdaebnbglbiajhempp,Fast Boo ç…§ç‰‡å¹»ç‡ˆç§€,èƒ½å¤ è®“ä½ è¼•é¬†æ“æœ‰è‡ªå·±çš„ç…§ç‰‡å¹»ç‡ˆç§€
elnocalmhgohlhjlpabeanaplckehhpl,Woocommerce Spy,Product scraper for Woocommerce - Extract products to Excel and CSV
dkckipfcpbepnchndeeffaeihoacndpb,Beach Earth day Ultra HD 1366x768,Beach Earth day Ultra HD 1366x768
fchmanciglollaagnijpcagpofejennb,Twitch Channel Point Auto Claimer,è‡ªå‹•é ˜å–twitch.tvçš„ã€Œç‰¹æ®Šé¡å¤–çå‹µã€50é»å¿ èª é»æ•¸ï¼Œé‚„å¯ä»¥å¹«ä½ è¨˜éŒ„é ˜å–äº†å¤šå°‘é»å“¦ï¼
nmcafamafbpmfgconfglgcldhlogjjgc,Mother's Day 1920X1080,Mother's Day 1920X1080
bjegldbhlolbbjocdodfhhagickkebhn,OGame Tracker Beta,This extension tracks information of the player and represents these graphically.
fiombgjlkfpdpkbhfioofeeinbehmajg,Word Online,å»ºç«‹ã€ç·¨è¼¯èˆ‡å…±ç”¨ Word æ–‡ä»¶ã€‚èˆ‡ä»–äººå³æ™‚å…±åŒå·¥ä½œã€‚
koleblagfjjlhlkpacidojjnkhobeikd,Quick Translate,Easy way to translate words and phrases while browsing a web page
ahgccilphdcefdhpabegmioeofobcggb,FarFaria,
obakimnhgahiedhcjlcnohielmendpen,Charlotte Ronson,åœ¨å€«æ•¦å‡ºç”Ÿã€ç´ç´„é•·å¤§çš„ Charlotte Ronson å‡ºèº«è‡ªè—è¡“ä¸–å®¶ã€‚è‡ªå¾æ¨å‡ºè‡ªè¡Œè¨­è¨ˆçš„æµè¡Œæœé£¾å“ç‰Œä¹‹å¾Œï¼Œå¥¹çš„ç³»åˆ—ç”¢å“é€æ¼¸å—åˆ°åœ‹éš›çŸšç›®ã€‚å…¨çƒè¨±å¤šç™¾è²¨å…¬å¸åŠç²¾å“åº—éƒ½å¯çœ‹åˆ°å¥¹çš„å“ç‰Œè¹¤è·¡ã€‚èº«ç‚ºå ±ç« é›œèªŒçš„å¯µå…’ï¼ŒCharlotte Ronsonâ€¦
emioghpeidcoljiieefdhbonhmpbkngd,Exceed Telecom Click2Call,Integration powered by Exceed Telecom
odckpgohgpogeeelfbganfnfhoiillel,Calculadora IBAN,
dcgebimdbcmphmcgjkhfmjodlnjkkdlf,Planet Earth Ultra HD 1280x1024,Planet Earth Ultra HD 1280x1024
ocglkkmkoihhehajdfgkfmlheieokfcb,Calm Nature Earth day Ultra HD 1920x1080,Calm Nature Earth day Ultra HD 1920x1080
amgghbnkdjkjimofnejnbhllhbflplae,Anime Girls Wallpapers and New Tab,Anime Girls wallpapers bring your chrome a new look and useful tools
clofmpkcoepdcedgcnnaekokncomlbhg,Slogan,new tab with slogan
dfljnjkgjnmbomohkcljfonhdhbmkjcp,ä½ çš„åå­—å£ç´™é«˜æ¸…,ä½ çš„åå­—å£ç´™æ“´å±•ç¨‹åºé‡æ–°å®šç¾©äº†æ‚¨çš„Chromeæ–°æ¨™ç±¤é æˆç‚ºä½ çš„åå­—å½±çš„èƒŒæ™¯å£ç´™ã€‚ä½ çš„åå­—ç²‰çµ²çš„ä¸»é¡Œã€‚
nfbbfpodpdpmohpkbkdmdogmkocllpon,Siriè¨˜å¸³æœ¬-ç­†è¨˜æœ¬,Siriè¨˜å¸³æœ¬-ç­†è¨˜æœ¬
imomahaddnhnhfggpmpbphdiobpmahof,YouTube æ’­æ”¾å™¨çš„çš®è†š,è‡ªå‹•è·³éå»£å‘Šã€å½±é™¢æ¨¡å¼ã€æ°¸ä¹…é€²åº¦æ¢å’Œè¨±å¤šè‡ªå®šç¾© YouTube æ’­æ”¾å™¨ä¸»é¡Œã€‚
ikhellhiloohclodmbafmpjcaafhegjk,allsearchtw,using Traditional Chinese to search 6 search engine at the same time
aaafaichkdancmiadaonoglfjeodjkik,Auto Admit,Auto Admit
okddffdblfhhnmhodogpojmfkjmhinfp,DEPRECATED Secure Shell App (dev),"(DEPRECATED: USE THE EXTENSION)
Terminal emulator and SSH and SFTP client."
encbecmahlenjagjldhiipafiagddaca,å¤©ç©ºçˆ­éœ¸,é€²å…¥ä¸€å€‹å……æ»¿å¥‡è§€çš„ç¥ç¥•ä¸–ç•Œï¼ŒæŒ‡æ®æˆ°è‰¦æ¢ç´¢å¥‡ç•°çš„é ˜åŸŸä¸¦èˆ‡å¼·å¤§çš„æˆ°è‰¦æˆ°é¬¥ã€‚ä½ èƒ½å®Œæˆè‰±å·¨çš„ä»»å‹™ï¼Œæˆçˆ²ç¨éœ¸ä¸€æ–¹çš„è‹±é›„å—ï¼Ÿ
dkmgoakpnejdcopljneldmdcmlmgnphn,PNGåˆ°SVGè½‰æ›å™¨,å¿«é€Ÿå°‡ PNG åœ–åƒè½‰æ›ç‚º SVG åœ–åƒ
oooiobdokpcfdlahlmcddobejikcmkfo,TeamViewer,TeamViewer - é ç«¯æ”¯æ´èˆ‡å®¶åº­è¾¦å…¬å®¤çš„å…¨æ–¹ä½è»Ÿé«”
blpcfgokakmgnkcojhhkbfbldkacnbeo,YouTube,YouTube æ–¼ 2005 å¹´ 2 æœˆå‰µç«‹ï¼Œæ˜¯å…¨ä¸–ç•Œæœ€å—æ­¡è¿çš„ç·šä¸Šå½±ç‰‡ç¤¾ç¾¤ï¼Œè®“æ•¸åå„„äººå¾—ä»¥æ¢ç´¢ã€è§€çœ‹åŠåˆ†äº«åŸå‰µå½±ç‰‡ã€‚YouTubeâ€¦
lpejglcfpkpbjhmnnmpmmlpblkcmdgmi,Delta Free VPN,Free VPN that works. Choose different geo location and change your IP address using Delta VPN.
dfemhmpfkfmcmfdfiknifofpainceiki,é¦™æ¸¯è‚¡ç¥¨è¿½è¹¤ (Hong Kong Stock Tracker),å¯¦æ™‚ç›£æ§è‚¡ç¥¨æµå‹•ï¼Œè¿½è¹¤å¤šé …æ¸¯è‚¡åŠæŒ‡æ•¸ï¼ŒæŒæ¡é¦™æ¸¯è‚¡å¸‚è¡Œç¨‹
bbadnicdoopnbgofmokehmddnmkeaehd,Thor Ragnarok 1920X1080,Thor Ragnarok 1920X1080
dakolnndcocoonbjgpiefnemlbbalkkj,æŠ½çå°å¹«æ‰‹,ç”¨ä¾†è®€å–Facebookç¤¾åœ˜è²¼æ–‡ç•™è¨€ã€ç¤¾åœ˜è²¼æ–‡æŒ‰è®šã€è²¼æ–‡åˆ†äº«äººæ•¸ï¼Œè‡ªå‹•ä¸”å¿«é€Ÿå®ŒæˆæŠ½çæ´»å‹•ã€‚
kpfalbhnppkbokafignonoppegdndlch,Auto Scroll,Auto Scroll tool. Works with all websites!
nfikfcmjoimehdbefjbhmgiaocjeahan,Michal Negrin,Michal Negrin æ˜¯ä½è—è¡“å®¶ï¼Œæ“…é•·å°‡è‡ªå·±çš„è—è¡“å‰µæ„èå…¥ç å¯¶ã€æœè£ã€é£¾å“èˆ‡å±…å®¶ç”¨å“ï¼Œä¸€è·¯èµ°éäº† 20 å¤šå€‹å¹´é ­ã€‚Michal å› è‡ªå·±è¿·äººçš„ç”¨è‰²æ–¹å¼è€Œèåï¼Œé€™ä¹Ÿæˆç‚ºä»–å…¨çƒç¨å…·çš„ç‰¹è‰²ã€‚
ljfoeinjpaedjfecbmggjgodbgkmjkjk,MetaMask Flask DEVELOPMENT BUILD,"THIS IS THE CANARY DISTRIBUTION OF THE METAMASK EXTENSION, INTENDED FOR DEVELOPERS."
lignphdhiigheeejehhlnpjmfciablii,Thor Ragnarok 1366x768,Thor Ragnarok 1366x768
lmggpjoncnjpckldebdkbgdgokhodcil,Death Note Amity 1920X1080,Death Note Amity 1920X1080
ceeafiaggjmkknoejnomjeniaopkhhoe,Orbital Pixel,è»Œé“åƒç´ çš„å‚¬çœ éŠæˆ²ï¼Œå°‡è€ƒé©—ä½ çš„åæ‡‰èƒ½åŠ›
bddncahamgnlohlnekaeealjgcfpgfed,God Of War 1366x768,God Of War 1366x768
gdfllgdkbffminjliagclnjjinfkoglg,QATSS,QA time sheet support
omocpghhlelblcoamjcmiahpcbfhlpbi,ETH in TWD value,çŸ¥é“ä»¥å¤ªå¹£çš„åƒ¹æ ¼ï¼
jadhgnppgkgdefaoipodfgjndenenmia,Pixy - 4KèƒŒæ™¯å£çº¸,#1 å®Œç¾æ–°æ ‡ç­¾ï¼šä½¿ç”¨ä»»ä½• 4K å›¾åƒä½œä¸ºèƒŒæ™¯å£çº¸ã€‚ Pixy å¸¦æœ‰åŠ±å¿—åè¨€ã€å®šåˆ¶æ—¶é’Ÿã€è°·æ­Œæœç´¢
mniboiicchcpkffcdlaocnkfpbdihgii,ToDo,"With the To-Do extension you get a simple popup to capture your ideas, goals and daily tasks."
ldlmlkoioaflpjfnoomceilpbghlabak,Cascade SSH/Local Native Client,Cascade SSH/Local Native Client
dglmgpihlnpilanlmihfmdjehgjggnfm,Re Zero 1366x768,Re Zero 1366x768
dllbooohnicnoeibmicnmopnhejpjgmm,Yasminoku,"Yasminokuæ˜¯ä¸€ä¸ªæ•°ç‹¬æ¸¸æˆ,æ¸¸æˆçš„åˆ¶ä½œè€…æ˜¯Joan Alba Maldonado.åˆ¶ä½œæ—¥æœŸä¸º2006å¹´7æœˆ25æ—¥.æ­¤ç‰ˆæœ¬ä¸ºå‡çº§ç‰ˆæœ¬."
dabaojfklegmfjdjfpkfjjimcnnmddbd,Fairy Tail 1920X1080,Fairy Tail 1920X1080
fcgmgjnnohnmfaafkjpbinakabldfbag,"Fun Box - Emoji, Stickers, Gifs","Fun Box - is a handy extension with collections of gifs, emojis and stickers."
npohodmlkdednnlbhfegpnhohpgckocf,SelectionSK,ä½¿ç”¨é¼ æ¨™é¸æ“‡æ–‡æœ¬æ™‚ï¼Œä½¿ç”¨æœ‰ç”¨çš„å·¥å…·ï¼ˆè¤‡è£½ï¼Œæœç´¢ï¼Œç¿»è­¯ï¼Œçªå‡ºé¡¯ç¤ºç­‰ï¼‰å½ˆå‡ºç”¨æˆ¶èœå–®ã€‚
ckeafgfekipjajhinibbnlfhglaonecd,ç²‰è‰²å£ç´™é«˜æ¸…,ç²‰è‰²å£ç´™æ“´å±•ç¨‹åºé‡æ–°å®šç¾©äº†æ‚¨çš„Chromeæ–°æ¨™ç±¤é æˆç‚ºç²‰è‰²çš„èƒŒæ™¯å£ç´™ã€‚ç²‰è‰²ç²‰çµ²çš„ä¸»é¡Œã€‚
nlbjncdgjeocebhnmkbbbdekmmmcbfjd,RSS è¨‚é–±æ“´å……åŠŸèƒ½ (ç”± Google æä¾›),åœ¨å·¥å…·åˆ—ä¸­åŠ å…¥é»æ“Šè¨‚é–±ã€‚
ffogbifgbbmffgohbdppbhmfgfakbikj,Space Restaurant,å‰µå»ºè‡ªå·±çš„é¤å»³ï¼Œæˆç‚ºçƒ¹é£ªè—è¡“å¤§å¸«ï¼
phabaogijghdhmckmpmhiboifojkdjkg,PSO2 swiki é¡åƒç«™å°å‘,auto transfer to minor site
bmjmglfpabdmibpdgninhjfiopdjigpo,My Application,This application does something brilliant.
cbjngbfjehiofmihfpodinolkcokdojp,Markup - ç¶²é è¢å…‰ç­†,ç¶²é é‡é»åŠƒè¨˜ã€ç®¡ç†ã€åˆ†äº«ï¼Œè¼•é¬†æå®šï¼
elifhakcjgalahccnjkneoccemfahfoa,Markdown Here,ç”¨Markdownå¯«ä¸€å°æ¼‚äº®çš„é›»å­éƒµä»¶ã€‚
lmcboojgmmaafdmgacncdpjnpnnhpmei,Quick Translation,Quick and easy to use translation tool. Powered by Google Translate
aphanomkkjgledipighdfjnilhfenpam,å°æ¨‚RSSé–±è®€å™¨,è¼•é‡ç´šçš„RSSæ–°èé–±è®€å™¨æ‡‰ç”¨by zzllrrï¼Œæ”¯æŒRSS/ATOM/OPMLä»¥åŠæ•¸å­—å ±åˆŠé›»å­å ±ã€‚å…è²»ï¼Œå…è¨»å†Šï¼Œæ”¯æŒå±€åŸŸç¶²ç«™ï¼Œé›¢ç·šå…¨æ–‡é–±è®€ï¼Œè­˜åˆ¥æ–‡ç« ä¸­çš„æ•¸å­¸å…¬å¼ç­‰
ojeagliladediodhljoaiieahplfchef,Netflixæ”¹é€²äº†å…è²»ï¼,è‡ªç”±ï¼è‡ªå‹•æ’­æ”¾ä¸‹ä¸€é›†ï¼Œé€Ÿåº¦æ§åˆ¶ï¼Œè·³éæ¨™é¡Œåºåˆ—ä¸¦è’ç´¢3000å¤šç¨®é¡å‹ï¼
afjpndoafdjllgigcchcakilcbmpimob,æ™‚å°šéŠæˆ²,å¦‚æœä½ æ˜¯ä¸€å€‹çœŸæ­£çš„æ™‚è£æ„›å¥½è€…ï¼Œä½ ä¸€å®šæ˜¯æ™‚å°šè€Œæ–°æ½®çš„ï¼Œæª¢æŸ¥å‡ºçš„å„ç¨®æ™‚å°šæ½®æµã€‚
haocganpkafanhkfldbbmhcpaelmkejg,Hedgehog in the fog,1975 å¹´çš„ã€Šéœ§ä¸­çš„åˆºèŸã€‹ç«¥è©±å¡é€šæ˜¯ä¿„ç¾…æ–¯è¿‘ä»£æœ€å—æ­¡è¿çš„å‹•ç•«é›»å½±ã€‚é€™éƒ¨é›»å½±æ’¼å‹•éç„¡æ•¸äººå¿ƒï¼Œä¸¦åœ¨ 2003 å¹´ç²å¾—åœ‹éš›å°ˆæ¥­äººå£«ç¥¨é¸ç‚ºå²ä¸Šæœ€ä½³å‹•ç•«é›»å½±ã€‚ã€Šéœ§ä¸­çš„åˆºèŸã€‹æ˜¯ç”± Soyuzmultfilm å·¥ä½œå®¤æ‰€æ¨å‡ºï¼Œè©²å·¥ä½œå®¤å·²è£½ä½œè¶…é 1000 éƒ¨å¡é€šã€‚
hnljkkgkpnnhbililcgjjoldkpclbgdf,My Hero Academia Boku No 1920X1080,My Hero Academia Boku No 1920X1080
oklfoejikkmejobodofaimigojomlfim,Shut Up: Comment Blocker,åœ¨è¨±å¤šç†±é–€ç¶²ç«™ä¸Šåˆ‡æ›è©•è«–é–‹é—œç‹€æ…‹ã€‚
olfegohcajhbnjoakmdohkpmlmljjlbm,League of Legends New Tab,é€šéMicrosoftçš„æ­¤å®˜æ–¹æ“´å±•ï¼Œå¯ä»¥èˆ‡è‹±é›„è¯ç›Ÿä¿æŒè¯ç¹«ã€‚
cahhjpmdnfhfkgldefihhcgkaalllbld,Fast Delete Messages,åªéœ€2æ¬¡é»æ“Šå³å¯åˆªé™¤Chromeä¸­çš„æ‰€æœ‰Facebookæ¶ˆæ¯
imnghkiliggemhkejgppikbgocegpjec,ç°¡ç¹æ¼¢å­—è½‰æ›,ç°¡é«”ç¹é«”æ¼¢å­—è½‰æ›
pjfncfbghiidlhgdoihnfdlikdcebnka,Topæç®€æ–°æ ‡ç­¾é¡µ,Topæç®€æ–°æ ‡ç­¾é¡µæ˜¯ä¸€æ¬¾ç®€æ´ã€ä¼˜é›…çš„æµè§ˆå™¨æ ‡ç­¾ä¸»é¡µ
bahogceckgcanpcoabcdgmoidngedmfo,PDF toolbox,Swiss army knife for PDF files
dhokajppblijnlidbgdphkpjbocpnhec,nlnlOUO,ä¾†ï¼Œè·Ÿæˆ‘ä¸€èµ·èªªä¸€è²ï¼šPiyan
lnbjajkbekhkgablenknhapphbdbldeh,MONKNOW æ–°æ¨™ç±¤é  - å€‹æ€§åŒ–é¢æ¿,é€™æ˜¯æ‚¨å¤¢å¯ä»¥æ±‚çš„æ–°æ¨™ç±¤é ã€‚æ”¯æŒç¶²ç«™ç¶²å€URLåˆ†çµ„ç®¡ç†ï¼Œæ•¸æ“šå¯¦æ™‚äº‘åŒæ­¥ï¼Œé»‘æš—æ·±è‰²å¤œé–“ä¸»é¡Œæ¨¡å¼ã€‚
